[
  {
    "model": "users.organisation",
    "pk": 1,
    "fields": {
      "name": "HealthBridge International",
      "primary_color_patient": "#0891b2",
      "primary_color_practitioner": "#0891b2",
      "street": "Rue Gabrielle-Perret-Gentil 4",
      "city": "GenĂ¨ve",
      "postal_code": "1205",
      "country": "Suisse",
      "is_main": true
    }
  },
  {
    "model": "users.user",
    "pk": 1,
    "fields": {
      "password": "pbkdf2_sha256$1000000$tOUYUhxD8PHxIdv4YxQRyR$JCYSrE0WvkmBm2vUT8w7rbiDFwFtdNlHykhiyuNGObU=",
      "email": "admin@example.com",
      "first_name": "Admin",
      "last_name": "System",
      "is_active": true,
      "is_staff": true,
      "is_superuser": true,
      "is_practitioner": true,
      "is_first_login": false,
      "temporary": false,
      "communication_method": "email",
      "timezone": "Europe/Zurich"
    }
  },
  {
    "model": "users.user",
    "pk": 2,
    "fields": {
      "password": "pbkdf2_sha256$1000000$tOUYUhxD8PHxIdv4YxQRyR$JCYSrE0WvkmBm2vUT8w7rbiDFwFtdNlHykhiyuNGObU=",
      "email": "dr.martin@example.com",
      "first_name": "Sophie",
      "last_name": "Martin",
      "is_active": true,
      "is_staff": false,
      "is_superuser": false,
      "is_practitioner": true,
      "is_first_login": false,
      "temporary": false,
      "job_title": "General Practitioner",
      "communication_method": "email",
      "timezone": "Europe/Zurich"
    }
  },
  {
    "model": "users.user",
    "pk": 3,
    "fields": {
      "password": "pbkdf2_sha256$1000000$tOUYUhxD8PHxIdv4YxQRyR$JCYSrE0WvkmBm2vUT8w7rbiDFwFtdNlHykhiyuNGObU=",
      "email": "dr.bernard@example.com",
      "first_name": "Marc",
      "last_name": "Bernard",
      "is_active": true,
      "is_staff": false,
      "is_superuser": false,
      "is_practitioner": true,
      "is_first_login": false,
      "temporary": false,
      "job_title": "Cardiologist",
      "communication_method": "email",
      "timezone": "Europe/Zurich"
    }
  },
  {
    "model": "users.user",
    "pk": 4,
    "fields": {
      "password": "pbkdf2_sha256$1000000$tOUYUhxD8PHxIdv4YxQRyR$JCYSrE0WvkmBm2vUT8w7rbiDFwFtdNlHykhiyuNGObU=",
      "email": "dr.duval@example.com",
      "first_name": "Claire",
      "last_name": "Duval",
      "is_active": true,
      "is_staff": false,
      "is_superuser": false,
      "is_practitioner": true,
      "is_first_login": false,
      "temporary": false,
      "job_title": "Dermatologist",
      "communication_method": "email",
      "timezone": "Europe/Zurich"
    }
  },

  {
    "model": "users.user",
    "pk": 10,
    "fields": {
      "password": "pbkdf2_sha256$1000000$tOUYUhxD8PHxIdv4YxQRyR$JCYSrE0WvkmBm2vUT8w7rbiDFwFtdNlHykhiyuNGObU=",
      "email": "jean.dupont@example.com",
      "first_name": "Jean",
      "last_name": "Dupont",
      "is_active": true,
      "is_staff": false,
      "is_superuser": false,
      "is_practitioner": false,
      "is_first_login": false,
      "temporary": false,
      "communication_method": "email",
      "timezone": "Europe/Zurich"
    }
  },
  {
    "model": "users.user",
    "pk": 11,
    "fields": {
      "password": "pbkdf2_sha256$1000000$tOUYUhxD8PHxIdv4YxQRyR$JCYSrE0WvkmBm2vUT8w7rbiDFwFtdNlHykhiyuNGObU=",
      "email": "marie.leclerc@example.com",
      "first_name": "Marie",
      "last_name": "Leclerc",
      "is_active": true,
      "is_staff": false,
      "is_superuser": false,
      "is_practitioner": false,
      "is_first_login": false,
      "temporary": false,
      "communication_method": "email",
      "timezone": "Europe/Zurich"
    }
  },
  {
    "model": "users.user",
    "pk": 12,
    "fields": {
      "password": "pbkdf2_sha256$1000000$tOUYUhxD8PHxIdv4YxQRyR$JCYSrE0WvkmBm2vUT8w7rbiDFwFtdNlHykhiyuNGObU=",
      "email": "ahmed.benali@example.com",
      "first_name": "Ahmed",
      "last_name": "Benali",
      "is_active": true,
      "is_staff": false,
      "is_superuser": false,
      "is_practitioner": false,
      "is_first_login": false,
      "temporary": false,
      "communication_method": "sms",
      "mobile_phone_number": "+41791234567",
      "timezone": "Europe/Zurich"
    }
  },
  {
    "model": "users.user",
    "pk": 13,
    "fields": {
      "password": "pbkdf2_sha256$1000000$tOUYUhxD8PHxIdv4YxQRyR$JCYSrE0WvkmBm2vUT8w7rbiDFwFtdNlHykhiyuNGObU=",
      "email": "laura.rossi@example.com",
      "first_name": "Laura",
      "last_name": "Rossi",
      "is_active": true,
      "is_staff": false,
      "is_superuser": false,
      "is_practitioner": false,
      "is_first_login": false,
      "temporary": false,
      "communication_method": "email",
      "timezone": "Europe/Rome"
    }
  },
  {
    "model": "users.user",
    "pk": 14,
    "fields": {
      "email": null,
      "first_name": "Patient",
      "last_name": "Anonymous",
      "is_active": true,
      "is_staff": false,
      "is_superuser": false,
      "is_practitioner": false,
      "is_first_login": true,
      "temporary": true,
      "communication_method": "email",
      "timezone": "Europe/Zurich"
    }
  },

  {
    "model": "consultations.queue",
    "pk": 1,
    "fields": {
      "name": "General Medicine"
    }
  },
  {
    "model": "consultations.queue",
    "pk": 2,
    "fields": {
      "name": "Cardiology"
    }
  },
  {
    "model": "consultations.queue",
    "pk": 3,
    "fields": {
      "name": "Dermatology"
    }
  },

  {
    "model": "consultations.consultation",
    "pk": 1,
    "fields": {
      "title": "Post-operative knee follow-up",
      "description": "Patient had ACL surgery on March 15. Rehabilitation follow-up and wound healing check.",
      "beneficiary": 10,
      "created_by": 2,
      "owned_by": 2,
      "group": 1,
      "visible_by_patient": true,
      "closed_at": null,
      "created_at": "2026-03-10T09:00:00Z",
      "updated_at": "2026-03-20T14:30:00Z"
    }
  },
  {
    "model": "consultations.consultation",
    "pk": 2,
    "fields": {
      "title": "Annual cardiac assessment",
      "description": "Annual check-up following atrial fibrillation episode in 2025. ECG and echocardiography planned.",
      "beneficiary": 11,
      "created_by": 3,
      "owned_by": 3,
      "group": 2,
      "visible_by_patient": true,
      "closed_at": null,
      "created_at": "2026-03-12T10:15:00Z",
      "updated_at": "2026-03-22T11:00:00Z"
    }
  },
  {
    "model": "consultations.consultation",
    "pk": 3,
    "fields": {
      "title": "Dermatology consultation - suspicious mole",
      "description": "Patient concerned about a mole that changed shape. Dermoscopy to be scheduled.",
      "beneficiary": 13,
      "created_by": 4,
      "owned_by": 4,
      "group": 3,
      "visible_by_patient": true,
      "closed_at": null,
      "created_at": "2026-03-18T08:30:00Z",
      "updated_at": "2026-03-24T16:00:00Z"
    }
  },
  {
    "model": "consultations.consultation",
    "pk": 4,
    "fields": {
      "title": "Chronic treatment prescription renewal",
      "description": "Quarterly renewal of hypertension and type 2 diabetes treatment.",
      "beneficiary": 12,
      "created_by": 2,
      "owned_by": 2,
      "group": 1,
      "visible_by_patient": true,
      "closed_at": null,
      "created_at": "2026-03-20T11:00:00Z",
      "updated_at": "2026-03-24T09:00:00Z"
    }
  },
  {
    "model": "consultations.consultation",
    "pk": 5,
    "fields": {
      "title": "Anonymous consultation - referral",
      "description": "Specialist referral request. Temporary patient, not yet identified.",
      "beneficiary": null,
      "created_by": 2,
      "owned_by": 2,
      "group": 1,
      "visible_by_patient": false,
      "closed_at": null,
      "created_at": "2026-03-22T14:00:00Z",
      "updated_at": "2026-03-22T14:00:00Z"
    }
  },
  {
    "model": "consultations.consultation",
    "pk": 6,
    "fields": {
      "title": "Seasonal flu follow-up",
      "description": "Follow-up after flu episode with bronchial complications. Favorable evolution.",
      "beneficiary": 10,
      "created_by": 2,
      "owned_by": 2,
      "group": 1,
      "visible_by_patient": true,
      "closed_at": "2026-03-15T16:30:00Z",
      "created_at": "2026-03-05T09:00:00Z",
      "updated_at": "2026-03-15T16:30:00Z"
    }
  },
  {
    "model": "consultations.consultation",
    "pk": 7,
    "fields": {
      "title": "Pre-consultation cardiac surgery",
      "description": "Pre-operative preparation and assessment for aortic valve replacement.",
      "beneficiary": 11,
      "created_by": 3,
      "owned_by": 3,
      "group": 2,
      "visible_by_patient": true,
      "closed_at": null,
      "created_at": "2026-03-23T08:00:00Z",
      "updated_at": "2026-03-25T10:00:00Z"
    }
  },
  {
    "model": "consultations.consultation",
    "pk": 8,
    "fields": {
      "title": "Chronic eczema follow-up",
      "description": "Topical corticosteroid treatment review. Efficacy and side effects evaluation.",
      "beneficiary": 12,
      "created_by": 4,
      "owned_by": 4,
      "group": 3,
      "visible_by_patient": true,
      "closed_at": "2026-03-20T12:00:00Z",
      "created_at": "2026-02-28T10:00:00Z",
      "updated_at": "2026-03-20T12:00:00Z"
    }
  },

  {
    "model": "consultations.appointment",
    "pk": 1,
    "fields": {
      "type": "online",
      "title": "Wound healing check D+10",
      "status": "scheduled",
      "consultation": 1,
      "scheduled_at": "2026-03-26T10:00:00Z",
      "end_expected_at": "2026-03-26T10:30:00Z",
      "created_by": 2,
      "created_at": "2026-03-20T14:00:00Z"
    }
  },
  {
    "model": "consultations.appointment",
    "pk": 2,
    "fields": {
      "type": "online",
      "title": "Control echocardiography",
      "status": "scheduled",
      "consultation": 2,
      "scheduled_at": "2026-03-27T14:00:00Z",
      "end_expected_at": "2026-03-27T15:00:00Z",
      "created_by": 3,
      "created_at": "2026-03-22T11:00:00Z"
    }
  },
  {
    "model": "consultations.appointment",
    "pk": 3,
    "fields": {
      "type": "inPerson",
      "title": "Mole dermoscopy",
      "status": "scheduled",
      "consultation": 3,
      "scheduled_at": "2026-03-28T09:00:00Z",
      "end_expected_at": "2026-03-28T09:30:00Z",
      "created_by": 4,
      "created_at": "2026-03-24T16:00:00Z"
    }
  },
  {
    "model": "consultations.appointment",
    "pk": 4,
    "fields": {
      "type": "online",
      "title": "Prescription renewal teleconsultation",
      "status": "scheduled",
      "consultation": 4,
      "scheduled_at": "2026-03-26T15:00:00Z",
      "end_expected_at": "2026-03-26T15:20:00Z",
      "created_by": 2,
      "created_at": "2026-03-24T09:00:00Z"
    }
  },
  {
    "model": "consultations.appointment",
    "pk": 5,
    "fields": {
      "type": "online",
      "title": "First patient contact",
      "status": "cancelled",
      "consultation": 1,
      "scheduled_at": "2026-03-18T10:00:00Z",
      "end_expected_at": "2026-03-18T10:30:00Z",
      "created_by": 2,
      "created_at": "2026-03-10T09:30:00Z"
    }
  },
  {
    "model": "consultations.appointment",
    "pk": 6,
    "fields": {
      "type": "online",
      "title": "Pre-operative video assessment",
      "status": "scheduled",
      "consultation": 7,
      "scheduled_at": "2026-03-29T08:30:00Z",
      "end_expected_at": "2026-03-29T09:30:00Z",
      "created_by": 3,
      "created_at": "2026-03-23T08:30:00Z"
    }
  },
  {
    "model": "consultations.appointment",
    "pk": 7,
    "fields": {
      "type": "inPerson",
      "title": "In-office follow-up consultation",
      "status": "scheduled",
      "consultation": 7,
      "scheduled_at": "2026-04-05T10:00:00Z",
      "end_expected_at": "2026-04-05T11:00:00Z",
      "created_by": 3,
      "created_at": "2026-03-25T10:00:00Z"
    }
  },
  {
    "model": "consultations.appointment",
    "pk": 8,
    "fields": {
      "type": "online",
      "title": "Flu follow-up teleconsultation",
      "status": "scheduled",
      "consultation": 6,
      "scheduled_at": "2026-03-14T11:00:00Z",
      "end_expected_at": "2026-03-14T11:20:00Z",
      "created_by": 2,
      "created_at": "2026-03-05T09:30:00Z"
    }
  },
  {
    "model": "consultations.appointment",
    "pk": 9,
    "fields": {
      "type": "online",
      "title": "Lab results review",
      "status": "scheduled",
      "consultation": 4,
      "scheduled_at": "2026-04-10T09:00:00Z",
      "end_expected_at": "2026-04-10T09:30:00Z",
      "created_by": 2,
      "created_at": "2026-03-25T08:00:00Z"
    }
  },

  {
    "model": "consultations.participant",
    "pk": 1,
    "fields": {
      "appointment": 1,
      "user": 10,
      "is_active": true,
      "is_invited": true,
      "is_confirmed": true,
      "is_notified": true
    }
  },
  {
    "model": "consultations.participant",
    "pk": 2,
    "fields": {
      "appointment": 1,
      "user": 2,
      "is_active": true,
      "is_invited": true,
      "is_confirmed": true,
      "is_notified": false
    }
  },
  {
    "model": "consultations.participant",
    "pk": 3,
    "fields": {
      "appointment": 2,
      "user": 11,
      "is_active": true,
      "is_invited": true,
      "is_confirmed": null,
      "is_notified": true
    }
  },
  {
    "model": "consultations.participant",
    "pk": 4,
    "fields": {
      "appointment": 2,
      "user": 3,
      "is_active": true,
      "is_invited": true,
      "is_confirmed": true,
      "is_notified": false
    }
  },
  {
    "model": "consultations.participant",
    "pk": 5,
    "fields": {
      "appointment": 3,
      "user": 13,
      "is_active": true,
      "is_invited": true,
      "is_confirmed": true,
      "is_notified": true
    }
  },
  {
    "model": "consultations.participant",
    "pk": 6,
    "fields": {
      "appointment": 3,
      "user": 4,
      "is_active": true,
      "is_invited": true,
      "is_confirmed": true,
      "is_notified": false
    }
  },
  {
    "model": "consultations.participant",
    "pk": 7,
    "fields": {
      "appointment": 4,
      "user": 12,
      "is_active": true,
      "is_invited": true,
      "is_confirmed": true,
      "is_notified": true
    }
  },
  {
    "model": "consultations.participant",
    "pk": 8,
    "fields": {
      "appointment": 4,
      "user": 2,
      "is_active": true,
      "is_invited": true,
      "is_confirmed": true,
      "is_notified": false
    }
  },
  {
    "model": "consultations.participant",
    "pk": 9,
    "fields": {
      "appointment": 6,
      "user": 11,
      "is_active": true,
      "is_invited": true,
      "is_confirmed": null,
      "is_notified": true
    }
  },
  {
    "model": "consultations.participant",
    "pk": 10,
    "fields": {
      "appointment": 6,
      "user": 3,
      "is_active": true,
      "is_invited": true,
      "is_confirmed": true,
      "is_notified": false
    }
  },
  {
    "model": "consultations.participant",
    "pk": 11,
    "fields": {
      "appointment": 7,
      "user": 11,
      "is_active": true,
      "is_invited": true,
      "is_confirmed": null,
      "is_notified": false
    }
  },
  {
    "model": "consultations.participant",
    "pk": 12,
    "fields": {
      "appointment": 7,
      "user": 3,
      "is_active": true,
      "is_invited": true,
      "is_confirmed": true,
      "is_notified": false
    }
  },
  {
    "model": "consultations.participant",
    "pk": 13,
    "fields": {
      "appointment": 9,
      "user": 12,
      "is_active": true,
      "is_invited": true,
      "is_confirmed": null,
      "is_notified": false
    }
  },
  {
    "model": "consultations.participant",
    "pk": 14,
    "fields": {
      "appointment": 9,
      "user": 2,
      "is_active": true,
      "is_invited": true,
      "is_confirmed": true,
      "is_notified": false
    }
  },

  {"model": "users.user", "pk": 20, "fields": {"password": "pbkdf2_sha256$1000000$tOUYUhxD8PHxIdv4YxQRyR$JCYSrE0WvkmBm2vUT8w7rbiDFwFtdNlHykhiyuNGObU=", "email": "kenji.tanaka@example.com", "first_name": "Kenji", "last_name": "Tanaka", "is_active": true, "is_staff": false, "is_superuser": false, "is_practitioner": false, "is_first_login": false, "temporary": false, "communication_method": "email", "timezone": "Asia/Tokyo"}},
  {"model": "users.user", "pk": 21, "fields": {"password": "pbkdf2_sha256$1000000$tOUYUhxD8PHxIdv4YxQRyR$JCYSrE0WvkmBm2vUT8w7rbiDFwFtdNlHykhiyuNGObU=", "email": "amara.diallo@example.com", "first_name": "Amara", "last_name": "Diallo", "is_active": true, "is_staff": false, "is_superuser": false, "is_practitioner": false, "is_first_login": false, "temporary": false, "communication_method": "email", "timezone": "Africa/Dakar"}},
  {"model": "users.user", "pk": 22, "fields": {"password": "pbkdf2_sha256$1000000$tOUYUhxD8PHxIdv4YxQRyR$JCYSrE0WvkmBm2vUT8w7rbiDFwFtdNlHykhiyuNGObU=", "email": "priya.sharma@example.com", "first_name": "Priya", "last_name": "Sharma", "is_active": true, "is_staff": false, "is_superuser": false, "is_practitioner": false, "is_first_login": false, "temporary": false, "communication_method": "email", "timezone": "Asia/Kolkata"}},
  {"model": "users.user", "pk": 23, "fields": {"password": "pbkdf2_sha256$1000000$tOUYUhxD8PHxIdv4YxQRyR$JCYSrE0WvkmBm2vUT8w7rbiDFwFtdNlHykhiyuNGObU=", "email": "carlos.mendez@example.com", "first_name": "Carlos", "last_name": "Mendez", "is_active": true, "is_staff": false, "is_superuser": false, "is_practitioner": false, "is_first_login": false, "temporary": false, "communication_method": "sms", "mobile_phone_number": "+34612345678", "timezone": "Europe/Madrid"}},
  {"model": "users.user", "pk": 24, "fields": {"password": "pbkdf2_sha256$1000000$tOUYUhxD8PHxIdv4YxQRyR$JCYSrE0WvkmBm2vUT8w7rbiDFwFtdNlHykhiyuNGObU=", "email": "fatima.hassan@example.com", "first_name": "Fatima", "last_name": "Hassan", "is_active": true, "is_staff": false, "is_superuser": false, "is_practitioner": false, "is_first_login": false, "temporary": false, "communication_method": "email", "timezone": "Africa/Cairo"}},
  {"model": "users.user", "pk": 25, "fields": {"password": "pbkdf2_sha256$1000000$tOUYUhxD8PHxIdv4YxQRyR$JCYSrE0WvkmBm2vUT8w7rbiDFwFtdNlHykhiyuNGObU=", "email": "olga.petrova@example.com", "first_name": "Olga", "last_name": "Petrova", "is_active": true, "is_staff": false, "is_superuser": false, "is_practitioner": false, "is_first_login": false, "temporary": false, "communication_method": "email", "timezone": "Europe/Moscow"}},
  {"model": "users.user", "pk": 26, "fields": {"password": "pbkdf2_sha256$1000000$tOUYUhxD8PHxIdv4YxQRyR$JCYSrE0WvkmBm2vUT8w7rbiDFwFtdNlHykhiyuNGObU=", "email": "james.okonkwo@example.com", "first_name": "James", "last_name": "Okonkwo", "is_active": true, "is_staff": false, "is_superuser": false, "is_practitioner": false, "is_first_login": false, "temporary": false, "communication_method": "email", "timezone": "Africa/Lagos"}},
  {"model": "users.user", "pk": 27, "fields": {"password": "pbkdf2_sha256$1000000$tOUYUhxD8PHxIdv4YxQRyR$JCYSrE0WvkmBm2vUT8w7rbiDFwFtdNlHykhiyuNGObU=", "email": "mei.chen@example.com", "first_name": "Mei", "last_name": "Chen", "is_active": true, "is_staff": false, "is_superuser": false, "is_practitioner": false, "is_first_login": false, "temporary": false, "communication_method": "email", "timezone": "Asia/Shanghai"}},
  {"model": "users.user", "pk": 28, "fields": {"password": "pbkdf2_sha256$1000000$tOUYUhxD8PHxIdv4YxQRyR$JCYSrE0WvkmBm2vUT8w7rbiDFwFtdNlHykhiyuNGObU=", "email": "sarah.williams@example.com", "first_name": "Sarah", "last_name": "Williams", "is_active": true, "is_staff": false, "is_superuser": false, "is_practitioner": false, "is_first_login": false, "temporary": false, "communication_method": "email", "timezone": "America/New_York"}},
  {"model": "users.user", "pk": 29, "fields": {"password": "pbkdf2_sha256$1000000$tOUYUhxD8PHxIdv4YxQRyR$JCYSrE0WvkmBm2vUT8w7rbiDFwFtdNlHykhiyuNGObU=", "email": "ivan.kovac@example.com", "first_name": "Ivan", "last_name": "Kovac", "is_active": true, "is_staff": false, "is_superuser": false, "is_practitioner": false, "is_first_login": false, "temporary": false, "communication_method": "email", "timezone": "Europe/Zagreb"}},

  {"model": "users.speciality", "pk": 1, "fields": {"name": "General Medicine"}},
  {"model": "users.speciality", "pk": 2, "fields": {"name": "Cardiology"}},
  {"model": "users.speciality", "pk": 3, "fields": {"name": "Dermatology"}},

  {"model": "consultations.reason", "pk": 1, "fields": {"speciality": 1, "name": "General consultation", "queue_assignee": 1, "user_assignee": null, "duration": 30, "is_active": true, "assignment_method": "queue", "created_at": "2026-01-01T00:00:00Z"}},
  {"model": "consultations.reason", "pk": 2, "fields": {"speciality": 1, "name": "Prescription renewal", "queue_assignee": 1, "user_assignee": null, "duration": 15, "is_active": true, "assignment_method": "queue", "created_at": "2026-01-01T00:00:00Z"}},
  {"model": "consultations.reason", "pk": 3, "fields": {"speciality": 1, "name": "Sick leave certificate", "queue_assignee": 1, "user_assignee": null, "duration": 15, "is_active": true, "assignment_method": "queue", "created_at": "2026-01-01T00:00:00Z"}},
  {"model": "consultations.reason", "pk": 4, "fields": {"speciality": 1, "name": "Post-surgery follow-up", "queue_assignee": null, "user_assignee": 2, "duration": 30, "is_active": true, "assignment_method": "user", "created_at": "2026-01-01T00:00:00Z"}},
  {"model": "consultations.reason", "pk": 5, "fields": {"speciality": 2, "name": "Cardiac check-up", "queue_assignee": 2, "user_assignee": null, "duration": 45, "is_active": true, "assignment_method": "queue", "created_at": "2026-01-01T00:00:00Z"}},
  {"model": "consultations.reason", "pk": 6, "fields": {"speciality": 2, "name": "ECG review", "queue_assignee": null, "user_assignee": 3, "duration": 20, "is_active": true, "assignment_method": "user", "created_at": "2026-01-01T00:00:00Z"}},
  {"model": "consultations.reason", "pk": 7, "fields": {"speciality": 2, "name": "Pre-operative assessment", "queue_assignee": 2, "user_assignee": null, "duration": 60, "is_active": true, "assignment_method": "queue", "created_at": "2026-01-01T00:00:00Z"}},
  {"model": "consultations.reason", "pk": 8, "fields": {"speciality": 3, "name": "Skin lesion evaluation", "queue_assignee": 3, "user_assignee": null, "duration": 30, "is_active": true, "assignment_method": "queue", "created_at": "2026-01-01T00:00:00Z"}},
  {"model": "consultations.reason", "pk": 9, "fields": {"speciality": 3, "name": "Acne treatment follow-up", "queue_assignee": null, "user_assignee": 4, "duration": 20, "is_active": true, "assignment_method": "user", "created_at": "2026-01-01T00:00:00Z"}},
  {"model": "consultations.reason", "pk": 10, "fields": {"speciality": 3, "name": "Eczema management", "queue_assignee": 3, "user_assignee": null, "duration": 30, "is_active": true, "assignment_method": "queue", "created_at": "2026-01-01T00:00:00Z"}},

  {"model": "consultations.consultation", "pk": 10, "fields": {"title": "Chronic back pain management", "description": "Recurring lower back pain, physiotherapy referral needed.", "beneficiary": 20, "created_by": 2, "owned_by": 2, "group": 1, "visible_by_patient": true, "closed_at": null, "created_at": "2026-03-28T09:00:00Z", "updated_at": "2026-04-01T10:00:00Z"}},
  {"model": "consultations.consultation", "pk": 11, "fields": {"title": "Hypertension monitoring", "description": "Blood pressure follow-up, medication adjustment.", "beneficiary": 21, "created_by": 3, "owned_by": 3, "group": 2, "visible_by_patient": true, "closed_at": null, "created_at": "2026-03-29T10:00:00Z", "updated_at": "2026-04-02T11:00:00Z"}},
  {"model": "consultations.consultation", "pk": 12, "fields": {"title": "Diabetes type 2 follow-up", "description": "Quarterly HbA1c review and treatment adjustment.", "beneficiary": 22, "created_by": 2, "owned_by": 2, "group": 1, "visible_by_patient": true, "closed_at": null, "created_at": "2026-03-30T08:00:00Z", "updated_at": "2026-04-03T09:00:00Z"}},
  {"model": "consultations.consultation", "pk": 13, "fields": {"title": "Psoriasis treatment evaluation", "description": "Biologics therapy response assessment.", "beneficiary": 23, "created_by": 4, "owned_by": 4, "group": 3, "visible_by_patient": true, "closed_at": null, "created_at": "2026-04-01T09:00:00Z", "updated_at": "2026-04-05T10:00:00Z"}},
  {"model": "consultations.consultation", "pk": 14, "fields": {"title": "Post-COVID respiratory follow-up", "description": "Persistent cough and dyspnea 3 months post-infection.", "beneficiary": 24, "created_by": 2, "owned_by": 2, "group": 1, "visible_by_patient": true, "closed_at": null, "created_at": "2026-04-02T10:00:00Z", "updated_at": "2026-04-06T11:00:00Z"}},
  {"model": "consultations.consultation", "pk": 15, "fields": {"title": "Arrhythmia investigation", "description": "Palpitations and syncope episodes. Holter monitor ordered.", "beneficiary": 25, "created_by": 3, "owned_by": 3, "group": 2, "visible_by_patient": true, "closed_at": null, "created_at": "2026-04-03T08:30:00Z", "updated_at": "2026-04-07T09:00:00Z"}},
  {"model": "consultations.consultation", "pk": 16, "fields": {"title": "Vaccination schedule review", "description": "Travel vaccination planning for Sub-Saharan Africa trip.", "beneficiary": 26, "created_by": 2, "owned_by": 2, "group": 1, "visible_by_patient": true, "closed_at": null, "created_at": "2026-04-04T11:00:00Z", "updated_at": "2026-04-07T14:00:00Z"}},
  {"model": "consultations.consultation", "pk": 17, "fields": {"title": "Allergy testing results", "description": "Review of skin prick test and IgE panel results.", "beneficiary": 27, "created_by": 4, "owned_by": 4, "group": 3, "visible_by_patient": true, "closed_at": null, "created_at": "2026-04-05T09:00:00Z", "updated_at": "2026-04-08T10:00:00Z"}},
  {"model": "consultations.consultation", "pk": 18, "fields": {"title": "Anxiety and insomnia management", "description": "CBT referral and sleep hygiene counseling.", "beneficiary": 28, "created_by": 2, "owned_by": 2, "group": 1, "visible_by_patient": true, "closed_at": null, "created_at": "2026-04-06T10:00:00Z", "updated_at": "2026-04-08T11:00:00Z"}},
  {"model": "consultations.consultation", "pk": 19, "fields": {"title": "Sports injury rehabilitation", "description": "Ankle sprain recovery, return-to-sport assessment.", "beneficiary": 29, "created_by": 2, "owned_by": 2, "group": 1, "visible_by_patient": true, "closed_at": null, "created_at": "2026-04-07T08:00:00Z", "updated_at": "2026-04-08T09:00:00Z"}},

  {"model": "consultations.appointment", "pk": 20, "fields": {"type": "online", "title": "Back pain teleconsultation", "status": "scheduled", "consultation": 10, "scheduled_at": "2026-04-09T09:00:00Z", "end_expected_at": "2026-04-09T09:30:00Z", "created_by": 2, "created_at": "2026-04-01T10:00:00Z"}},
  {"model": "consultations.appointment", "pk": 21, "fields": {"type": "online", "title": "Blood pressure review", "status": "scheduled", "consultation": 11, "scheduled_at": "2026-04-09T14:00:00Z", "end_expected_at": "2026-04-09T14:30:00Z", "created_by": 3, "created_at": "2026-04-02T11:00:00Z"}},
  {"model": "consultations.appointment", "pk": 22, "fields": {"type": "online", "title": "HbA1c results discussion", "status": "scheduled", "consultation": 12, "scheduled_at": "2026-04-10T10:00:00Z", "end_expected_at": "2026-04-10T10:30:00Z", "created_by": 2, "created_at": "2026-04-03T09:00:00Z"}},
  {"model": "consultations.appointment", "pk": 23, "fields": {"type": "inPerson", "title": "Psoriasis skin examination", "status": "scheduled", "consultation": 13, "scheduled_at": "2026-04-10T15:00:00Z", "end_expected_at": "2026-04-10T15:45:00Z", "created_by": 4, "created_at": "2026-04-05T10:00:00Z"}},
  {"model": "consultations.appointment", "pk": 24, "fields": {"type": "online", "title": "Respiratory function check", "status": "scheduled", "consultation": 14, "scheduled_at": "2026-04-11T09:30:00Z", "end_expected_at": "2026-04-11T10:00:00Z", "created_by": 2, "created_at": "2026-04-06T11:00:00Z"}},
  {"model": "consultations.appointment", "pk": 25, "fields": {"type": "online", "title": "Holter monitor results", "status": "scheduled", "consultation": 15, "scheduled_at": "2026-04-11T14:00:00Z", "end_expected_at": "2026-04-11T15:00:00Z", "created_by": 3, "created_at": "2026-04-07T09:00:00Z"}},
  {"model": "consultations.appointment", "pk": 26, "fields": {"type": "online", "title": "Travel vaccination planning", "status": "scheduled", "consultation": 16, "scheduled_at": "2026-04-14T10:00:00Z", "end_expected_at": "2026-04-14T10:30:00Z", "created_by": 2, "created_at": "2026-04-07T14:00:00Z"}},
  {"model": "consultations.appointment", "pk": 27, "fields": {"type": "inPerson", "title": "Allergy patch test reading", "status": "scheduled", "consultation": 17, "scheduled_at": "2026-04-14T14:00:00Z", "end_expected_at": "2026-04-14T14:30:00Z", "created_by": 4, "created_at": "2026-04-08T10:00:00Z"}},
  {"model": "consultations.appointment", "pk": 28, "fields": {"type": "online", "title": "CBT progress review", "status": "scheduled", "consultation": 18, "scheduled_at": "2026-04-15T11:00:00Z", "end_expected_at": "2026-04-15T11:45:00Z", "created_by": 2, "created_at": "2026-04-08T11:00:00Z"}},
  {"model": "consultations.appointment", "pk": 29, "fields": {"type": "inPerson", "title": "Ankle mobility assessment", "status": "scheduled", "consultation": 19, "scheduled_at": "2026-04-15T15:00:00Z", "end_expected_at": "2026-04-15T15:30:00Z", "created_by": 2, "created_at": "2026-04-08T09:00:00Z"}},
  {"model": "consultations.appointment", "pk": 30, "fields": {"type": "online", "title": "Medication adjustment call", "status": "scheduled", "consultation": 11, "scheduled_at": "2026-04-16T09:00:00Z", "end_expected_at": "2026-04-16T09:20:00Z", "created_by": 3, "created_at": "2026-04-08T11:30:00Z"}},
  {"model": "consultations.appointment", "pk": 31, "fields": {"type": "online", "title": "Diabetes diet counseling", "status": "scheduled", "consultation": 12, "scheduled_at": "2026-04-16T14:00:00Z", "end_expected_at": "2026-04-16T14:30:00Z", "created_by": 2, "created_at": "2026-04-08T09:30:00Z"}},
  {"model": "consultations.appointment", "pk": 32, "fields": {"type": "online", "title": "Breathing exercises follow-up", "status": "scheduled", "consultation": 14, "scheduled_at": "2026-04-17T10:00:00Z", "end_expected_at": "2026-04-17T10:30:00Z", "created_by": 2, "created_at": "2026-04-08T12:00:00Z"}},
  {"model": "consultations.appointment", "pk": 33, "fields": {"type": "online", "title": "ECG interpretation session", "status": "scheduled", "consultation": 15, "scheduled_at": "2026-04-17T14:00:00Z", "end_expected_at": "2026-04-17T14:45:00Z", "created_by": 3, "created_at": "2026-04-08T09:00:00Z"}},
  {"model": "consultations.appointment", "pk": 34, "fields": {"type": "inPerson", "title": "Biologics injection", "status": "scheduled", "consultation": 13, "scheduled_at": "2026-04-18T09:00:00Z", "end_expected_at": "2026-04-18T09:30:00Z", "created_by": 4, "created_at": "2026-04-08T10:30:00Z"}},
  {"model": "consultations.appointment", "pk": 35, "fields": {"type": "online", "title": "Pain management review", "status": "scheduled", "consultation": 10, "scheduled_at": "2026-04-18T11:00:00Z", "end_expected_at": "2026-04-18T11:30:00Z", "created_by": 2, "created_at": "2026-04-08T08:00:00Z"}},
  {"model": "consultations.appointment", "pk": 36, "fields": {"type": "online", "title": "Sleep diary review", "status": "scheduled", "consultation": 18, "scheduled_at": "2026-04-21T09:00:00Z", "end_expected_at": "2026-04-21T09:30:00Z", "created_by": 2, "created_at": "2026-04-08T11:00:00Z"}},
  {"model": "consultations.appointment", "pk": 37, "fields": {"type": "inPerson", "title": "Return-to-sport clearance", "status": "scheduled", "consultation": 19, "scheduled_at": "2026-04-21T14:00:00Z", "end_expected_at": "2026-04-21T14:30:00Z", "created_by": 2, "created_at": "2026-04-08T09:00:00Z"}},
  {"model": "consultations.appointment", "pk": 38, "fields": {"type": "online", "title": "Vaccination follow-up", "status": "scheduled", "consultation": 16, "scheduled_at": "2026-04-22T10:00:00Z", "end_expected_at": "2026-04-22T10:20:00Z", "created_by": 2, "created_at": "2026-04-08T14:00:00Z"}},
  {"model": "consultations.appointment", "pk": 39, "fields": {"type": "online", "title": "Dermatology photo review", "status": "scheduled", "consultation": 17, "scheduled_at": "2026-04-22T15:00:00Z", "end_expected_at": "2026-04-22T15:30:00Z", "created_by": 4, "created_at": "2026-04-08T10:00:00Z"}},

  {"model": "consultations.participant", "pk": 20, "fields": {"appointment": 20, "user": 20, "is_active": true, "is_invited": true, "is_confirmed": true, "is_notified": true}},
  {"model": "consultations.participant", "pk": 21, "fields": {"appointment": 20, "user": 2, "is_active": true, "is_invited": true, "is_confirmed": true, "is_notified": false}},
  {"model": "consultations.participant", "pk": 22, "fields": {"appointment": 21, "user": 21, "is_active": true, "is_invited": true, "is_confirmed": null, "is_notified": true}},
  {"model": "consultations.participant", "pk": 23, "fields": {"appointment": 21, "user": 3, "is_active": true, "is_invited": true, "is_confirmed": true, "is_notified": false}},
  {"model": "consultations.participant", "pk": 24, "fields": {"appointment": 22, "user": 22, "is_active": true, "is_invited": true, "is_confirmed": true, "is_notified": true}},
  {"model": "consultations.participant", "pk": 25, "fields": {"appointment": 22, "user": 2, "is_active": true, "is_invited": true, "is_confirmed": true, "is_notified": false}},
  {"model": "consultations.participant", "pk": 26, "fields": {"appointment": 23, "user": 23, "is_active": true, "is_invited": true, "is_confirmed": true, "is_notified": true}},
  {"model": "consultations.participant", "pk": 27, "fields": {"appointment": 23, "user": 4, "is_active": true, "is_invited": true, "is_confirmed": true, "is_notified": false}},
  {"model": "consultations.participant", "pk": 28, "fields": {"appointment": 24, "user": 24, "is_active": true, "is_invited": true, "is_confirmed": null, "is_notified": true}},
  {"model": "consultations.participant", "pk": 29, "fields": {"appointment": 24, "user": 2, "is_active": true, "is_invited": true, "is_confirmed": true, "is_notified": false}},
  {"model": "consultations.participant", "pk": 30, "fields": {"appointment": 25, "user": 25, "is_active": true, "is_invited": true, "is_confirmed": true, "is_notified": true}},
  {"model": "consultations.participant", "pk": 31, "fields": {"appointment": 25, "user": 3, "is_active": true, "is_invited": true, "is_confirmed": true, "is_notified": false}},
  {"model": "consultations.participant", "pk": 32, "fields": {"appointment": 26, "user": 26, "is_active": true, "is_invited": true, "is_confirmed": true, "is_notified": true}},
  {"model": "consultations.participant", "pk": 33, "fields": {"appointment": 26, "user": 2, "is_active": true, "is_invited": true, "is_confirmed": true, "is_notified": false}},
  {"model": "consultations.participant", "pk": 34, "fields": {"appointment": 27, "user": 27, "is_active": true, "is_invited": true, "is_confirmed": null, "is_notified": true}},
  {"model": "consultations.participant", "pk": 35, "fields": {"appointment": 27, "user": 4, "is_active": true, "is_invited": true, "is_confirmed": true, "is_notified": false}},
  {"model": "consultations.participant", "pk": 36, "fields": {"appointment": 28, "user": 28, "is_active": true, "is_invited": true, "is_confirmed": true, "is_notified": true}},
  {"model": "consultations.participant", "pk": 37, "fields": {"appointment": 28, "user": 2, "is_active": true, "is_invited": true, "is_confirmed": true, "is_notified": false}},
  {"model": "consultations.participant", "pk": 38, "fields": {"appointment": 29, "user": 29, "is_active": true, "is_invited": true, "is_confirmed": true, "is_notified": true}},
  {"model": "consultations.participant", "pk": 39, "fields": {"appointment": 29, "user": 2, "is_active": true, "is_invited": true, "is_confirmed": true, "is_notified": false}},
  {"model": "consultations.participant", "pk": 40, "fields": {"appointment": 30, "user": 21, "is_active": true, "is_invited": true, "is_confirmed": null, "is_notified": true}},
  {"model": "consultations.participant", "pk": 41, "fields": {"appointment": 30, "user": 3, "is_active": true, "is_invited": true, "is_confirmed": true, "is_notified": false}},
  {"model": "consultations.participant", "pk": 42, "fields": {"appointment": 31, "user": 22, "is_active": true, "is_invited": true, "is_confirmed": true, "is_notified": true}},
  {"model": "consultations.participant", "pk": 43, "fields": {"appointment": 31, "user": 2, "is_active": true, "is_invited": true, "is_confirmed": true, "is_notified": false}},
  {"model": "consultations.participant", "pk": 44, "fields": {"appointment": 32, "user": 24, "is_active": true, "is_invited": true, "is_confirmed": null, "is_notified": true}},
  {"model": "consultations.participant", "pk": 45, "fields": {"appointment": 32, "user": 2, "is_active": true, "is_invited": true, "is_confirmed": true, "is_notified": false}},
  {"model": "consultations.participant", "pk": 46, "fields": {"appointment": 33, "user": 25, "is_active": true, "is_invited": true, "is_confirmed": true, "is_notified": true}},
  {"model": "consultations.participant", "pk": 47, "fields": {"appointment": 33, "user": 3, "is_active": true, "is_invited": true, "is_confirmed": true, "is_notified": false}},
  {"model": "consultations.participant", "pk": 48, "fields": {"appointment": 34, "user": 23, "is_active": true, "is_invited": true, "is_confirmed": true, "is_notified": true}},
  {"model": "consultations.participant", "pk": 49, "fields": {"appointment": 34, "user": 4, "is_active": true, "is_invited": true, "is_confirmed": true, "is_notified": false}},
  {"model": "consultations.participant", "pk": 50, "fields": {"appointment": 35, "user": 20, "is_active": true, "is_invited": true, "is_confirmed": true, "is_notified": true}},
  {"model": "consultations.participant", "pk": 51, "fields": {"appointment": 35, "user": 2, "is_active": true, "is_invited": true, "is_confirmed": true, "is_notified": false}},
  {"model": "consultations.participant", "pk": 52, "fields": {"appointment": 36, "user": 28, "is_active": true, "is_invited": true, "is_confirmed": true, "is_notified": true}},
  {"model": "consultations.participant", "pk": 53, "fields": {"appointment": 36, "user": 2, "is_active": true, "is_invited": true, "is_confirmed": true, "is_notified": false}},
  {"model": "consultations.participant", "pk": 54, "fields": {"appointment": 37, "user": 29, "is_active": true, "is_invited": true, "is_confirmed": null, "is_notified": true}},
  {"model": "consultations.participant", "pk": 55, "fields": {"appointment": 37, "user": 2, "is_active": true, "is_invited": true, "is_confirmed": true, "is_notified": false}},
  {"model": "consultations.participant", "pk": 56, "fields": {"appointment": 38, "user": 26, "is_active": true, "is_invited": true, "is_confirmed": true, "is_notified": true}},
  {"model": "consultations.participant", "pk": 57, "fields": {"appointment": 38, "user": 2, "is_active": true, "is_invited": true, "is_confirmed": true, "is_notified": false}},
  {"model": "consultations.participant", "pk": 58, "fields": {"appointment": 39, "user": 27, "is_active": true, "is_invited": true, "is_confirmed": null, "is_notified": true}},
  {"model": "consultations.participant", "pk": 59, "fields": {"appointment": 39, "user": 4, "is_active": true, "is_invited": true, "is_confirmed": true, "is_notified": false}}
]
